{"data_x": {"m": -0.454645292204886, "c": 17.403780386155088}, "data_y": {"m": -0.44376251406033385, "c": 5.163245384254509}, "mc_x": {"m": -0.014645892906099595, "c": -0.02698732320946748}, "mc_y": {"m": 0.055103768894558605, "c": -0.3960291468730781}}