{"data_x": {"m": -0.22677267234082205, "c": 3.960185418706464}, "data_y": {"m": -0.41752236105219986, "c": 0.14805233682387975}, "mc_x": {"m": -0.014645892906099595, "c": -0.02698732320946748}, "mc_y": {"m": 0.055103768894558605, "c": -0.3960291468730781}}